﻿<?xml version="1.0" encoding="utf-8"?>
<Solution xmlns="http://schemas.microsoft.com/sharepoint/" SolutionId="d925d30a-131b-46e8-a199-de847495e5b2">
  <Assemblies>
    <Assembly Location="MyServiceLibrary.dll" DeploymentTarget="GlobalAssemblyCache" />
    <Assembly Location="CustomWCFService.dll" DeploymentTarget="GlobalAssemblyCache" />
  </Assemblies>
  <RootFiles>
    <RootFile Location="ISAPI\CustomWCFService\web.config" />
    <RootFile Location="ISAPI\CustomWCFService\listservice.svc" />
  </RootFiles>
  <FeatureManifests>
    <FeatureManifest Location="CustomWCFService_CustomWCFServiceTest\Feature.xml" />
  </FeatureManifests>
</Solution>