﻿<?xml version="1.0" encoding="utf-8"?>
<Feature xmlns="http://schemas.microsoft.com/sharepoint/" Title="RSSWebParts" Description="This feature will deploy two webparts, one to show an RSS Feed, and another to host the RSS feed URLs." Id="91bdbc94-f0b8-4f7b-962d-56e83fc3e602" ImageUrl="FeedReader/wslogo.gif" ReceiverAssembly="FeedReader, Version=1.0.0.0, Culture=neutral, PublicKeyToken=cc517292b0375f7e" ReceiverClass="FeedReader.Features.RSSWebParts.RSSWebPartsEventReceiver" Scope="Site">
  <ElementManifests>
    <ElementManifest Location="RSSWebPart\Elements.xml" />
    <ElementFile Location="RSSWebPart\RSSWebPart.webpart" />
    <ElementManifest Location="WebPartPage\Elements.xml" />
    <ElementFile Location="WebPartPage\WebPartPage.aspx" />
    <ElementManifest Location="OPMLWebPart\Elements.xml" />
    <ElementFile Location="OPMLWebPart\OPMLWebPart.webpart" />
  </ElementManifests>
</Feature>