﻿<?xml version="1.0" encoding="utf-8"?>
<Solution xmlns="http://schemas.microsoft.com/sharepoint/" SolutionId="c5ae0d76-4234-483b-8642-ca169be7b94b">
  <Assemblies>
    <Assembly Location="FeedReader.dll" DeploymentTarget="GlobalAssemblyCache">
      <SafeControls>
        <SafeControl Assembly="FeedReader, Version=1.0.0.0, Culture=neutral, PublicKeyToken=cc517292b0375f7e" Namespace="FeedReader.RSSWebPart" TypeName="*" />
        <SafeControl Assembly="FeedReader, Version=1.0.0.0, Culture=neutral, PublicKeyToken=cc517292b0375f7e" Namespace="FeedReader.OPMLWebPart" TypeName="*" />
      </SafeControls>
    </Assembly>
  </Assemblies>
  <TemplateFiles>
    <TemplateFile Location="Images\FeedReader\wslogo.gif" />
  </TemplateFiles>
  <FeatureManifests>
    <FeatureManifest Location="FeedReader_RSSWebParts\Feature.xml" />
  </FeatureManifests>
</Solution>