<?xml version="1.0" encoding="utf-8"?>
<List xmlns:ows="Microsoft SharePoint" Title="Album List Definition" FolderCreation="FALSE" Direction="$Resources:Direction;" Url="Lists/AlbumListDefinition-Album" BaseType="0" xmlns="http://schemas.microsoft.com/sharepoint/" EnableContentTypes="true">
  <MetaData>
    <ContentTypes>
      <ContentType ID="0x0100CE2744E3BAEA4734B2333D043AA5DD2C008CE532561D94F24791EB8149A5763927" Name="Track" Group="Music" Version="0">
        <Folder TargetName="Track"/>
        <FieldRefs>
          <FieldRef ID="{fa564e0f-0c70-4ab9-b863-0177e6ddd247}" Name="Title" DisplayName="Title"/>
          <FieldRef ID="{52d63c75-2b4e-41f2-9091-c92279c27f75}" Name="ReleaseDate"/>
          <FieldRef ID="{0eb47e64-4a6a-4fbf-b090-03d803967516}" Name="Song_x0020_Name" Required="TRUE" Hidden="FALSE" ReadOnly="FALSE"/>
        </FieldRefs>
      </ContentType>
    </ContentTypes>
    <Fields>
      <Field ID="{52d63c75-2b4e-41f2-9091-c92279c27f75}"
      Type="DateTime" DisplayName="ReleaseDate" Required="FALSE"
      Format="DateOnly" Group="Music"
      StaticName="ReleaseDate" Name="ReleaseDate"
        />
      <Field ID="{0eb47e64-4a6a-4fbf-b090-03d803967516}"
      Type="AutoCompleteField" DisplayName="Song Name" Required="FALSE"
      Group="Music" StaticName="Song_x0020_Name" Name="Song_x0020_Name"
      Hidden="FALSE" ReadOnly="FALSE"/>
    </Fields>
    <Views>
      <View BaseViewID="0" Type="HTML" MobileView="TRUE" TabularView="FALSE">
        <Toolbar />
        <XslLink>main.xsl</XslLink>
        <ViewBody>
          <HTML><![CDATA[<tr class="]]></HTML>
          <GetVar Name="AlternateStyle" />
          <HTML><![CDATA["]]></HTML>
          <Switch>
            <Expr>
              <GetVar Name="TabularView" />
            </Expr>
            <Case Value="1">
              <HTML><![CDATA[ iid="]]></HTML>
              <Counter Type="View" />
              <HTML>,</HTML>
              <Column Name="ID" HTMLEncode="TRUE" />
              <HTML><![CDATA[,]]></HTML>
              <LookupColumn Name="FSObjType" HTMLEncode="TRUE" />
              <HTML><![CDATA["><td class="ms-vb-itmcbx"><input type="checkbox" class="s4-itm-cbx"/></td>]]></HTML>
            </Case>
            <Default>
              <HTML><![CDATA[>]]></HTML>
            </Default>
          </Switch>
          <IfEqual>
            <Expr1>
              <GetVar Name="AlternateStyle" />
            </Expr1>
            <Expr2>ms-alternating</Expr2>
            <Then>
              <SetVar Scope="Request" Name="AlternateStyle"></SetVar>
            </Then>
            <Else>
              <SetVar Scope="Request" Name="AlternateStyle">ms-alternating</SetVar>
            </Else>
          </IfEqual>
          <Fields>
            <HTML><![CDATA[<td class="]]></HTML>
            <FieldSwitch>
              <Expr>
                <Property Select="ClassInfo" />
              </Expr>
              <Case Value="Menu">
                <HTML><![CDATA[ms-vb-title" onmouseover="OnChildItem(this)" height="100%]]></HTML>
              </Case>
              <Case Value="Icon">ms-vb-icon</Case>
              <Default>
                <FieldSwitch>
                  <Expr>
                    <Property Select="Type" />
                    <PresenceEnabled />
                  </Expr>
                  <Case Value="UserTRUE">ms-vb-user</Case>
                  <Case Value="UserMultiTRUE">ms-vb-user</Case>
                  <Default>ms-vb2</Default>
                </FieldSwitch>
              </Default>
            </FieldSwitch>
            <HTML><![CDATA[">]]></HTML>
            <Field />
            <HTML><![CDATA[</td>]]></HTML>
          </Fields>
          <HTML><![CDATA[</tr>]]></HTML>
        </ViewBody>
        <RowLimit>20</RowLimit>
        <ViewFields>
          <FieldRef Name="LinkTitleNoMenu"></FieldRef>
        </ViewFields>
        <Query>
          <OrderBy>
            <FieldRef Name="Modified" Ascending="FALSE"></FieldRef>
          </OrderBy>
        </Query>
        <ParameterBindings>
          <ParameterBinding Name="AddNewAnnouncement" Location="Resource(wss,addnewitem)" />
          <ParameterBinding Name="NoAnnouncements" Location="Resource(wss,noXinviewofY_LIST)" />
          <ParameterBinding Name="NoAnnouncementsHowTo" Location="Resource(wss,noXinviewofY_ONET_HOME)" />
        </ParameterBindings>
      </View>
      <View BaseViewID="1" Type="HTML" WebPartZoneID="Main" DisplayName="$Resources:core,objectiv_schema_mwsidcamlidC24;" DefaultView="TRUE" MobileView="TRUE" MobileDefaultView="TRUE" SetupPath="pages\viewpage.aspx" ImageUrl="/_layouts/images/generic.png" Url="AllItems.aspx">
        <Toolbar />
        <XslLink>main.xsl</XslLink>
        <ViewBody>
          <HTML><![CDATA[<tr class="]]></HTML>
          <GetVar Name="AlternateStyle" />
          <HTML><![CDATA["]]></HTML>
          <Switch>
            <Expr>
              <GetVar Name="TabularView" />
            </Expr>
            <Case Value="1">
              <HTML><![CDATA[ iid="]]></HTML>
              <Counter Type="View" />
              <HTML>,</HTML>
              <Column Name="ID" HTMLEncode="TRUE" />
              <HTML><![CDATA[,]]></HTML>
              <LookupColumn Name="FSObjType" HTMLEncode="TRUE" />
              <HTML><![CDATA["><td class="ms-vb-itmcbx"><input type="checkbox" class="s4-itm-cbx"/></td>]]></HTML>
            </Case>
            <Default>
              <HTML><![CDATA[>]]></HTML>
            </Default>
          </Switch>
          <IfEqual>
            <Expr1>
              <GetVar Name="AlternateStyle" />
            </Expr1>
            <Expr2>ms-alternating</Expr2>
            <Then>
              <SetVar Scope="Request" Name="AlternateStyle"></SetVar>
            </Then>
            <Else>
              <SetVar Scope="Request" Name="AlternateStyle">ms-alternating</SetVar>
            </Else>
          </IfEqual>
          <Fields>
            <HTML><![CDATA[<td class="]]></HTML>
            <FieldSwitch>
              <Expr>
                <Property Select="ClassInfo" />
              </Expr>
              <Case Value="Menu">
                <HTML><![CDATA[ms-vb-title" onmouseover="OnChildItem(this)" height="100%]]></HTML>
              </Case>
              <Case Value="Icon">ms-vb-icon</Case>
              <Default>
                <FieldSwitch>
                  <Expr>
                    <Property Select="Type" />
                    <PresenceEnabled />
                  </Expr>
                  <Case Value="UserTRUE">ms-vb-user</Case>
                  <Case Value="UserMultiTRUE">ms-vb-user</Case>
                  <Default>ms-vb2</Default>
                </FieldSwitch>
              </Default>
            </FieldSwitch>
            <HTML><![CDATA[">]]></HTML>
            <Field />
            <HTML><![CDATA[</td>]]></HTML>
          </Fields>
          <HTML><![CDATA[</tr>]]></HTML>
        </ViewBody>
        <RowLimit Paged="TRUE">30</RowLimit>
        <ViewFields>
          <FieldRef Name="Attachments"></FieldRef>
          <FieldRef Name="LinkTitle"></FieldRef>
        </ViewFields>
        <Query>
          <OrderBy>
            <FieldRef Name="ID"></FieldRef>
          </OrderBy>
        </Query>
        <ParameterBindings>
          <ParameterBinding Name="NoAnnouncements" Location="Resource(wss,noXinviewofY_LIST)" />
          <ParameterBinding Name="NoAnnouncementsHowTo" Location="Resource(wss,noXinviewofY_DEFAULT)" />
        </ParameterBindings>
      </View>
    </Views>
    <Forms>
      <Form Type="DisplayForm" Url="DispForm.aspx" SetupPath="pages\form.aspx" WebPartZoneID="Main" />
      <Form Type="EditForm" Url="EditForm.aspx" SetupPath="pages\form.aspx" WebPartZoneID="Main" />
      <Form Type="NewForm" Url="NewForm.aspx" SetupPath="pages\form.aspx" WebPartZoneID="Main" />
    </Forms>
  </MetaData>
</List>
