<?xml version="1.0" encoding="utf-8"?>
<Solution xmlns="http://schemas.microsoft.com/sharepoint/" SolutionId="fbeb5726-196d-40cb-81c7-03f74f63503c">
  <Assemblies>
    <Assembly Location="VisualWebPartProject1.dll" DeploymentTarget="GlobalAssemblyCache">
      <SafeControls>
        <SafeControl Assembly="VisualWebPartProject1, Version=1.0.0.0, Culture=neutral, PublicKeyToken=638b70f3d9b930f0" Namespace="VisualWebPartProject1.VisualWebPart1" TypeName="*" />
      </SafeControls>
    </Assembly>
  </Assemblies>
  <TemplateFiles>
    <TemplateFile Location="CONTROLTEMPLATES\VisualWebPartProject1\VisualWebPart1\VisualWebPart1UserControl.ascx" />
  </TemplateFiles>
  <FeatureManifests>
    <FeatureManifest Location="VisualWebPartProject1_Feature1\Feature.xml" />
  </FeatureManifests>
</Solution>
