<?xml version="1.0" encoding="utf-8" ?>
<FieldTypes>
  <FieldType>
    <Field Name="TypeName">AutoCompleteField</Field>
    <Field Name="ParentType">Text</Field>
    <Field Name="TypeDisplayName">Auto Complete Song</Field>
    <Field Name="TypeShortDescription">Auto Complete Song</Field>
    <Field Name="UserCreatable">TRUE</Field>
    <Field Name="ShowInListCreate">TRUE</Field>
    <Field Name="ShowInSurveyCreate">TRUE</Field>
    <Field Name="ShowInDocumentLibraryCreate">TRUE</Field>
    <Field Name="ShowInColumnTemplateCreate">TRUE</Field>
    <Field Name="FieldTypeClass">SongTypeField.AutoCompleteField, SongTypeField, Version=1.0.0.0, Culture=neutral, PublicKeyToken=c1944463f56d857a</Field>
  </FieldType>
</FieldTypes>
