<?xml version="1.0" encoding="utf-8"?>
<Solution xmlns="http://schemas.microsoft.com/sharepoint/" SolutionId="ade43d15-cdef-4de3-a680-a756c69edaaa">
  <Assemblies>
    <Assembly Location="SolutionValidator.dll" DeploymentTarget="GlobalAssemblyCache" />
  </Assemblies>
  <TemplateFiles>
    <TemplateFile Location="Layouts\SolutionValidator\WinsmartsErrorPage.aspx" />
  </TemplateFiles>
  <FeatureManifests>
    <FeatureManifest Location="SolutionValidator_WinsmartsSolutionValidatorInstall\Feature.xml" />
  </FeatureManifests>
</Solution>
