﻿<?xml version="1.0" encoding="utf-8"?>
<Elements xmlns="http://schemas.microsoft.com/sharepoint/">
  <Receivers ListUrl="/Lists/Sahil%20Feedback/">
      <Receiver>
        <Name>SurveyriggerItemAdded</Name>
        <Type>ItemAdded</Type>
        <Assembly>$SharePoint.Project.AssemblyFullName$</Assembly>
        <Class>EventReceivers.Surveyrigger.Surveyrigger</Class>
        <SequenceNumber>10000</SequenceNumber>
        <Synchronization>Synchronous</Synchronization>
      </Receiver>
  </Receivers>
</Elements>
