﻿<?xml version="1.0" encoding="utf-8"?>
<Solution xmlns="http://schemas.microsoft.com/sharepoint/" SolutionId="fc016507-5f68-4cd8-b1f9-4a68eff9ce4e">
  <Assemblies>
    <Assembly Location="RollOfDiceWF.dll" DeploymentTarget="GlobalAssemblyCache" />
  </Assemblies>
  <TemplateFiles>
    <TemplateFile Location="Layouts\RollOfDiceWF\WFInitiationPlayer.aspx" />
  </TemplateFiles>
  <FeatureManifests>
    <FeatureManifest Location="RollOfDiceWF_Feature1\Feature.xml" />
  </FeatureManifests>
</Solution>