<?xml version="1.0" encoding="utf-8"?>
<Solution xmlns="http://schemas.microsoft.com/sharepoint/" SolutionId="c2c24056-ab06-4534-b993-a5d8de04e636" SharePointProductVersion="14.0">
  <Assemblies>
    <Assembly Location="SomePages.dll" DeploymentTarget="GlobalAssemblyCache" />
  </Assemblies>
  <TemplateFiles>
    <TemplateFile Location="Layouts\SomePages\MyApplicationPage.aspx" />
    <TemplateFile Location="Images\SomePages\wslogo.gif" />
  </TemplateFiles>
  <FeatureManifests>
    <FeatureManifest Location="SomePages_SomePAges\Feature.xml" />
  </FeatureManifests>
</Solution>
