﻿<?xml version="1.0" encoding="utf-8"?>
<Solution xmlns="http://schemas.microsoft.com/sharepoint/" SolutionId="b7b667ea-b9c4-47b2-9e4c-d4e22773ef9d">
  <Assemblies>
    <Assembly Location="HelloWorld.dll" DeploymentTarget="GlobalAssemblyCache">
      <SafeControls>
        <SafeControl Assembly="HelloWorld, Version=1.0.0.0, Culture=neutral, PublicKeyToken=35049eea486cffd6" Namespace="HelloWorld.HelloWorldWebPart" TypeName="*" />
      </SafeControls>
    </Assembly>
  </Assemblies>
  <FeatureManifests>
    <FeatureManifest Location="HelloWorld_Feature1\Feature.xml" />
  </FeatureManifests>
</Solution>