<?xml version="1.0" encoding="utf-8"?>
<Feature xmlns="http://schemas.microsoft.com/sharepoint/" Description="My SharePoint BDC Feature" Id="2b981838-ef45-4358-85d9-a9dbbfdfa50d" ReceiverAssembly="Microsoft.Office.SharePoint.ClientExtensions, Version=14.0.0.0, Culture=neutral, PublicKeyToken=71e9bce111e9429c" ReceiverClass="Microsoft.Office.SharePoint.ClientExtensions.Deployment.ImportModelReceiver" Scope="Farm" Title="BDCDemo Feature1">
  <Properties>
    <Property Key="GloballyAvailable" Value="true" />
    <Property Key="BdcModel1" Value="BdcAssemblies\BDCDemo.dll" />
    <Property Key="IncrementalUpdate" Value="true" />
    <Property Key="ModelFileName" Value="BdcModel1\BdcModel1.bdcm" />
    <Property Key="SiteUrl" Value="http://sp2010/" />
  </Properties>
  <ElementManifests>
    <ElementFile Location="BdcModel1\BdcModel1.bdcm" />
    <ElementFile Location="BdcAssemblies\BDCDemo.dll" />
  </ElementManifests>
</Feature>
