﻿<?xml version="1.0" encoding="utf-8"?>
<Solution xmlns="http://schemas.microsoft.com/sharepoint/" SolutionId="dbe7ba0e-8650-40b1-9bd1-f5d599b32bae">
  <Assemblies>
    <Assembly Location="FarmSolution.dll" DeploymentTarget="GlobalAssemblyCache">
      <SafeControls>
        <SafeControl Assembly="FarmSolution, Version=1.0.0.0, Culture=neutral, PublicKeyToken=e71ff88a1100f54a" Namespace="FarmSolution.HelloWorld" TypeName="*" />
      </SafeControls>
    </Assembly>
  </Assemblies>
  <TemplateFiles>
    <TemplateFile Location="Images\FarmSolution\wslogo.gif" />
  </TemplateFiles>
  <FeatureManifests>
    <FeatureManifest Location="FarmSolution_Feature1\Feature.xml" />
  </FeatureManifests>
</Solution>