﻿<?xml version="1.0" encoding="utf-8"?>
<Solution xmlns="http://schemas.microsoft.com/sharepoint/" SolutionId="fc0020a4-e374-4fa0-a977-ca0f68d345e2">
  <Assemblies>
    <Assembly Location="AjaxControlToolkit.dll" DeploymentTarget="GlobalAssemblyCache" />
    <Assembly Location="SongTypeField.dll" DeploymentTarget="GlobalAssemblyCache" />
  </Assemblies>
  <RootFiles>
    <RootFile Location="ISAPI\SongTypeField\web.config" />
    <RootFile Location="ISAPI\SongTypeField\AjaxToolkitMusic.svc" />
  </RootFiles>
  <TemplateFiles>
    <TemplateFile Location="CONTROLTEMPLATES\AutoCompleteField.ascx" />
    <TemplateFile Location="XML\fldTypes_AutoComplete.xml" />
  </TemplateFiles>
</Solution>