<?xml version="1.0" encoding="utf-8" ?>
<Feature xmlns="http://schemas.microsoft.com/sharepoint/">
  <UpgradeActions ReceiverAssembly="HelloWorld, Version=1.0.0.0, Culture=neutral, PublicKeyToken=35049eea486cffd6" ReceiverClass="HelloWorld.Features.Feature1.Feature1EventReceiver">
    <VersionRange BeginVersion="0.0.0.0" EndVersion="1.0.0.0">      
      <ApplyElementManifests>
        <ElementManifest Location="ANewList\Elements.xml" />
      </ApplyElementManifests>
    </VersionRange>
    <VersionRange BeginVersion="1.0.0.0" EndVersion="2.0.0.0">
      <CustomUpgradeAction Name="Version1To2">
        <Parameters>
          <Parameter Name="Title">From the Upgrade Process</Parameter>
        </Parameters>
      </CustomUpgradeAction>
    </VersionRange>
  </UpgradeActions>
</Feature>