<?xml version="1.0" encoding="utf-8"?>
<Feature xmlns="http://schemas.microsoft.com/sharepoint/" Id="e2570f61-aa9a-4b4b-9621-60a4034e37f3" Scope="Site" Title="Scheduler">
  <ElementManifests>
    <ElementManifest Location="SilverlightXAP\Elements.xml" />
    <ElementFile Location="SilverlightXAP\SLScheduler.xap" />
    <ElementManifest Location="ScheduleOverView\Elements.xml" />
    <ElementFile Location="ScheduleOverView\ScheduleOverView.webpart" />
    <ElementManifest Location="IndividualAppointment\Elements.xml" />
    <ElementFile Location="IndividualAppointment\IndividualAppointment.webpart" />
    <ElementManifest Location="IndividualAppointmentScripts\Elements.xml" />
    <ElementFile Location="IndividualAppointmentScripts\appointment.js" />
  </ElementManifests>
</Feature>
