﻿<?xml version="1.0" encoding="utf-8"?>
<Solution xmlns="http://schemas.microsoft.com/sharepoint/" SolutionId="17c6c9ff-7024-487b-adc7-baa636f18bd2">
  <Assemblies>
    <Assembly Location="Scheduler.dll" DeploymentTarget="GlobalAssemblyCache">
      <SafeControls>
        <SafeControl Assembly="Scheduler, Version=1.0.0.0, Culture=neutral, PublicKeyToken=8986da3c8bf092a5" Namespace="Scheduler.ScheduleOverView" TypeName="*" />
        <SafeControl Assembly="Scheduler, Version=1.0.0.0, Culture=neutral, PublicKeyToken=8986da3c8bf092a5" Namespace="Scheduler.IndividualAppointment" TypeName="*" />
      </SafeControls>
    </Assembly>
  </Assemblies>
  <FeatureManifests>
    <FeatureManifest Location="Scheduler_Scheduler\Feature.xml" />
  </FeatureManifests>
</Solution>