<?xml version="1.0" encoding="utf-8"?>
<Feature xmlns="http://schemas.microsoft.com/sharepoint/" Id="db5874b2-a31a-4793-a97d-e550c502797b" ReceiverAssembly="HelloWorld, Version=1.0.0.0, Culture=neutral, PublicKeyToken=35049eea486cffd6" ReceiverClass="HelloWorld.Features.Feature1.Feature1EventReceiver" Scope="Site" Title="HelloWorld Feature1" Version="2.0.0.0">
  <UpgradeActions ReceiverAssembly="HelloWorld, Version=1.0.0.0, Culture=neutral, PublicKeyToken=35049eea486cffd6" ReceiverClass="HelloWorld.Features.Feature1.Feature1EventReceiver">
    <VersionRange BeginVersion="0.0.0.0" EndVersion="1.0.0.0">
      <ApplyElementManifests>
        <ElementManifest Location="ANewList\Elements.xml" />
      </ApplyElementManifests>
    </VersionRange>
    <VersionRange BeginVersion="1.0.0.0" EndVersion="2.0.0.0">
      <CustomUpgradeAction Name="Version1To2">
        <Parameters>
          <Parameter Name="Title">From the Upgrade Process</Parameter>
        </Parameters>
      </CustomUpgradeAction>
    </VersionRange>
  </UpgradeActions>
  <ElementManifests>
    <ElementManifest Location="HelloWorldWebPart\Elements.xml" />
    <ElementFile Location="HelloWorldWebPart\HelloWorldWebPart.webpart" />
    <ElementManifest Location="ANewList\Elements.xml" />
  </ElementManifests>
</Feature>
