<?xml version="1.0" encoding="utf-8"?>
<Feature xmlns="http://schemas.microsoft.com/sharepoint/" Title="HelloWorld Feature1" Id="db5874b2-a31a-4793-a97d-e550c502797b" Scope="Site" Version="1.0.0.0">
  <UpgradeActions>
    <VersionRange BeginVersion="0.0.0.0" EndVersion="1.0.0.0">
      <ApplyElementManifests>
        <ElementManifest Location="ANewList\Elements.xml" />
      </ApplyElementManifests>
    </VersionRange>
  </UpgradeActions>
  <ElementManifests>
    <ElementManifest Location="HelloWorldWebPart\Elements.xml" />
    <ElementFile Location="HelloWorldWebPart\HelloWorldWebPart.webpart" />
    <ElementManifest Location="ANewList\Elements.xml" />
  </ElementManifests>
</Feature>
